{
	"IcoMoonType": "selection",
	"icons": [
		{
			"icon": {
				"paths": [
					"M768 85.333q70.667 0 120.667 50t50 120.667-50 120.667-120.667 50q-37.667 0-71.167-15.5t-57.5-43.167l-216.333 108.333q3.667 17.667 3.667 35.667t-3.667 35.667l216.333 108.333q24-27.667 57.5-43.167t71.167-15.5q70.667 0 120.667 50t50 120.667-50 120.667-120.667 50-120.667-50-50-120.667q0-18 3.667-35.667l-216.333-108.333q-24 27.667-57.5 43.167t-71.167 15.5q-70.667 0-120.667-50t-50-120.667 50-120.667 120.667-50q37.667 0 71.167 15.5t57.5 43.167l216.333-108.333q-3.667-17.667-3.667-35.667 0-70.667 50-120.667t120.667-50zM256 426.667q-35.333 0-60.333 25t-25 60.333 25 60.333 60.333 25 60.333-25 25-60.333-25-60.333-60.333-25zM768 682.667q-35.333 0-60.333 25t-25 60.333 25 60.333 60.333 25 60.333-25 25-60.333-25-60.333-60.333-25zM768 170.667q-35.333 0-60.333 25t-25 60.333 25 60.333 60.333 25 60.333-25 25-60.333-25-60.333-60.333-25z"
				],
				"attrs": [],
				"isMulticolor": false,
				"tags": [
					"share"
				],
				"grid": 24
			},
			"attrs": [],
			"properties": {
				"order": 1,
				"id": 0,
				"prevSize": 24,
				"code": 59648,
				"name": "share"
			},
			"setIdx": 0,
			"setId": 12,
			"iconIdx": 0
		},
		{
			"icon": {
				"paths": [
					"M512 426q34 0 60 26t26 60-26 60-60 26-60-26-26-60 26-60 60-26zM768 426q34 0 60 26t26 60-26 60-60 26-60-26-26-60 26-60 60-26zM256 426q34 0 60 26t26 60-26 60-60 26-60-26-26-60 26-60 60-26z"
				],
				"attrs": [],
				"isMulticolor": false,
				"tags": [
					"keyboard_control"
				],
				"grid": 24
			},
			"attrs": [],
			"properties": {
				"order": 1,
				"id": 17,
				"prevSize": 24,
				"code": 59411,
				"name": "keyboard_control"
			},
			"setIdx": 4,
			"setId": 8,
			"iconIdx": 0
		},
		{
			"icon": {
				"paths": [
					"M316 658l-60-60 256-256 256 256-60 60-196-196z"
				],
				"attrs": [],
				"isMulticolor": false,
				"tags": [
					"keyboard_arrow_up"
				],
				"grid": 24
			},
			"attrs": [],
			"properties": {
				"order": 2,
				"id": 16,
				"prevSize": 24,
				"code": 59412,
				"name": "keyboard_arrow_up"
			},
			"setIdx": 4,
			"setId": 8,
			"iconIdx": 1
		},
		{
			"icon": {
				"paths": [
					"M366 698l196-196-196-196 60-60 256 256-256 256z"
				],
				"attrs": [],
				"isMulticolor": false,
				"tags": [
					"keyboard_arrow_right"
				],
				"grid": 24
			},
			"attrs": [],
			"properties": {
				"order": 3,
				"id": 15,
				"prevSize": 24,
				"code": 59413,
				"name": "keyboard_arrow_right"
			},
			"setIdx": 4,
			"setId": 8,
			"iconIdx": 2
		},
		{
			"icon": {
				"paths": [
					"M658 686l-60 60-256-256 256-256 60 60-196 196z"
				],
				"attrs": [],
				"isMulticolor": false,
				"tags": [
					"keyboard_arrow_left"
				],
				"grid": 24
			},
			"attrs": [],
			"properties": {
				"order": 4,
				"id": 14,
				"prevSize": 24,
				"code": 59414,
				"name": "keyboard_arrow_left"
			},
			"setIdx": 4,
			"setId": 8,
			"iconIdx": 3
		},
		{
			"icon": {
				"paths": [
					"M316 334l196 196 196-196 60 60-256 256-256-256z"
				],
				"attrs": [],
				"isMulticolor": false,
				"tags": [
					"keyboard_arrow_down"
				],
				"grid": 24
			},
			"attrs": [],
			"properties": {
				"order": 5,
				"id": 13,
				"prevSize": 24,
				"code": 59415,
				"name": "keyboard_arrow_down"
			},
			"setIdx": 4,
			"setId": 8,
			"iconIdx": 4
		},
		{
			"icon": {
				"paths": [
					"M406 598q80 0 136-56t56-136-56-136-136-56-136 56-56 136 56 136 136 56zM662 598l212 212-64 64-212-212v-34l-12-12q-76 66-180 66-116 0-197-80t-81-196 81-197 197-81 196 81 80 197q0 104-66 180l12 12h34z"
				],
				"attrs": [],
				"isMulticolor": false,
				"tags": [
					"search"
				],
				"grid": 24
			},
			"attrs": [],
			"properties": {
				"order": 1,
				"id": 12,
				"prevSize": 24,
				"code": 59410,
				"name": "search"
			},
			"setIdx": 4,
			"setId": 8,
			"iconIdx": 5
		},
		{
			"icon": {
				"paths": [
					"M598 138q130 28 214 133t84 241-84 241-214 133v-88q94-28 153-106t59-180-59-180-153-106v-88zM704 512q0 120-106 172v-344q106 52 106 172zM128 384h170l214-214v684l-214-214h-170v-256z"
				],
				"attrs": [],
				"isMulticolor": false,
				"tags": [
					"volume_up"
				],
				"grid": 24
			},
			"attrs": [],
			"properties": {
				"order": 1,
				"id": 11,
				"prevSize": 24,
				"code": 59404,
				"name": "volume_up"
			},
			"setIdx": 4,
			"setId": 8,
			"iconIdx": 6
		},
		{
			"icon": {
				"paths": [
					"M512 170v180l-90-90zM182 128l714 714-54 54-88-88q-74 58-156 78v-88q50-14 96-50l-182-182v288l-214-214h-170v-256h202l-202-202zM810 512q0-102-59-180t-153-106v-88q130 28 214 133t84 241q0 96-44 178l-64-66q22-54 22-112zM704 512q0 18-2 26l-104-104v-94q106 52 106 172z"
				],
				"attrs": [],
				"isMulticolor": false,
				"tags": [
					"volume_off"
				],
				"grid": 24
			},
			"attrs": [],
			"properties": {
				"order": 2,
				"id": 10,
				"prevSize": 24,
				"code": 59405,
				"name": "volume_off"
			},
			"setIdx": 4,
			"setId": 8,
			"iconIdx": 7
		},
		{
			"icon": {
				"paths": [
					"M298 384h172l212-214v684l-212-214h-172v-256z"
				],
				"attrs": [],
				"isMulticolor": false,
				"tags": [
					"volume_mute"
				],
				"grid": 24
			},
			"attrs": [],
			"properties": {
				"order": 3,
				"id": 9,
				"prevSize": 24,
				"code": 59406,
				"name": "volume_mute"
			},
			"setIdx": 4,
			"setId": 8,
			"iconIdx": 8
		},
		{
			"icon": {
				"paths": [
					"M214 384h170l214-214v684l-214-214h-170v-256zM790 512q0 118-108 172v-344q108 54 108 172z"
				],
				"attrs": [],
				"isMulticolor": false,
				"tags": [
					"volume_down"
				],
				"grid": 24
			},
			"attrs": [],
			"properties": {
				"order": 4,
				"id": 8,
				"prevSize": 24,
				"code": 59407,
				"name": "volume_down"
			},
			"setIdx": 4,
			"setId": 8,
			"iconIdx": 9
		},
		{
			"icon": {
				"paths": [
					"M512 726q-34 0-60-26t-26-60 26-60 60-26 60 26 26 60-26 60-60 26zM768 854v-428h-512v428h512zM512 124q-54 0-93 39t-39 93h4v86h260v-86q0-54-39-93t-93-39zM768 342q34 0 60 25t26 59v428q0 34-26 59t-60 25h-512q-34 0-60-25t-26-59v-428q0-34 26-59t60-25h42v-86q0-88 63-151t151-63 151 63 63 151v86h42z"
				],
				"attrs": [],
				"isMulticolor": false,
				"tags": [
					"lock_outline"
				],
				"grid": 24
			},
			"attrs": [],
			"properties": {
				"order": 1,
				"id": 7,
				"prevSize": 24,
				"code": 59402,
				"name": "lock_outline"
			},
			"setIdx": 4,
			"setId": 8,
			"iconIdx": 10
		},
		{
			"icon": {
				"paths": [
					"M768 854v-428h-512v428h512zM768 342q34 0 60 25t26 59v428q0 34-26 59t-60 25h-512q-34 0-60-25t-26-59v-428q0-34 26-59t60-25h388v-86q0-54-39-93t-93-39-93 39-39 93h-82q0-88 63-151t151-63 151 63 63 151v86h42zM512 726q-34 0-60-26t-26-60 26-60 60-26 60 26 26 60-26 60-60 26z"
				],
				"attrs": [],
				"isMulticolor": false,
				"tags": [
					"lock_open"
				],
				"grid": 24
			},
			"attrs": [],
			"properties": {
				"order": 2,
				"id": 6,
				"prevSize": 24,
				"code": 59403,
				"name": "lock_open"
			},
			"setIdx": 4,
			"setId": 8,
			"iconIdx": 11
		},
		{
			"icon": {
				"paths": [
					"M512 554q64 0 140 18t139 60 63 94v128h-684v-128q0-52 63-94t139-60 140-18zM512 170q70 0 120 51t50 121-50 120-120 50-120-50-50-120 50-121 120-51zM512 636q-88 0-174 33t-86 57v46h520v-46q0-24-86-57t-174-33zM512 252q-38 0-64 26t-26 64 26 63 64 25 64-25 26-63-26-64-64-26z"
				],
				"attrs": [],
				"isMulticolor": false,
				"tags": [
					"person_outline"
				],
				"grid": 24
			},
			"attrs": [],
			"properties": {
				"order": 1,
				"id": 5,
				"prevSize": 24,
				"code": 59400,
				"name": "person_outline"
			},
			"setIdx": 4,
			"setId": 8,
			"iconIdx": 12
		},
		{
			"icon": {
				"paths": [
					"M384 690l452-452 60 60-512 512-238-238 60-60z"
				],
				"attrs": [],
				"isMulticolor": false,
				"tags": [
					"check"
				],
				"grid": 24
			},
			"attrs": [],
			"properties": {
				"order": 1,
				"id": 4,
				"prevSize": 24,
				"code": 59399,
				"name": "check"
			},
			"setIdx": 4,
			"setId": 8,
			"iconIdx": 13
		},
		{
			"icon": {
				"paths": [
					"M256 256h512v512h-512v-512z"
				],
				"attrs": [],
				"isMulticolor": false,
				"tags": [
					"stop"
				],
				"grid": 24
			},
			"attrs": [],
			"properties": {
				"order": 1,
				"id": 3,
				"prevSize": 24,
				"code": 59398,
				"name": "stop"
			},
			"setIdx": 4,
			"setId": 8,
			"iconIdx": 14
		},
		{
			"icon": {
				"paths": [
					"M598 214h170v596h-170v-596zM256 810v-596h170v596h-170z"
				],
				"attrs": [],
				"isMulticolor": false,
				"tags": [
					"pause"
				],
				"grid": 24
			},
			"attrs": [],
			"properties": {
				"order": 1,
				"id": 2,
				"prevSize": 24,
				"code": 59393,
				"name": "pause"
			},
			"setIdx": 4,
			"setId": 8,
			"iconIdx": 15
		},
		{
			"icon": {
				"paths": [
					"M342 214l468 298-468 298v-596z"
				],
				"attrs": [],
				"isMulticolor": false,
				"tags": [
					"play_arrow"
				],
				"grid": 24
			},
			"attrs": [],
			"properties": {
				"order": 1,
				"id": 1,
				"prevSize": 24,
				"code": 59394,
				"name": "play_arrow"
			},
			"setIdx": 4,
			"setId": 8,
			"iconIdx": 16
		},
		{
			"icon": {
				"paths": [
					"M810 274l-238 238 238 238-60 60-238-238-238 238-60-60 238-238-238-238 60-60 238 238 238-238z"
				],
				"attrs": [],
				"isMulticolor": false,
				"tags": [
					"close"
				],
				"grid": 24
			},
			"attrs": [],
			"properties": {
				"order": 1,
				"id": 0,
				"prevSize": 24,
				"code": 59395,
				"name": "close"
			},
			"setIdx": 4,
			"setId": 8,
			"iconIdx": 17
		},
		{
			"icon": {
				"paths": [
					"M5120 512c0 282.77-229.23 512-512 512s-512-229.23-512-512c0-282.77 229.23-512 512-512s512 229.23 512 512z",
					"M3072 512c0 282.77-229.23 512-512 512s-512-229.23-512-512c0-282.77 229.23-512 512-512s512 229.23 512 512z",
					"M1024 512c0 282.77-229.23 512-512 512s-512-229.23-512-512c0-282.77 229.23-512 512-512s512 229.23 512 512z"
				],
				"attrs": [
					{
						"fill": "rgb(112, 115, 119)"
					},
					{
						"fill": "rgb(112, 115, 119)"
					},
					{
						"fill": "rgb(112, 115, 119)"
					}
				],
				"isMulticolor": false,
				"width": 5120,
				"grid": 0,
				"tags": [
					"overflow"
				],
				"colorPermutations": {
					"11211511911632181": [
						1,
						1,
						1
					]
				}
			},
			"attrs": [
				{
					"fill": "rgb(112, 115, 119)"
				},
				{
					"fill": "rgb(112, 115, 119)"
				},
				{
					"fill": "rgb(112, 115, 119)"
				}
			],
			"properties": {
				"order": 22,
				"id": 209,
				"prevSize": 32,
				"code": 59650,
				"name": "overflow"
			},
			"setIdx": 1,
			"setId": 11,
			"iconIdx": 0
		},
		{
			"icon": {
				"paths": [
					"M1152 1024h-1152l576-1021.849zM183.933 916.437h784.134l-392.067-699.16z"
				],
				"attrs": [
					{
						"fill": "rgb(112, 115, 119)"
					}
				],
				"isMulticolor": false,
				"width": 1152,
				"grid": 0,
				"tags": [
					"sharpen"
				],
				"colorPermutations": {
					"11211511911632181": [
						1
					]
				}
			},
			"attrs": [
				{
					"fill": "rgb(112, 115, 119)"
				}
			],
			"properties": {
				"order": 23,
				"id": 208,
				"prevSize": 32,
				"code": 59653,
				"name": "sharpen"
			},
			"setIdx": 1,
			"setId": 11,
			"iconIdx": 1
		},
		{
			"icon": {
				"paths": [
					"M1243.429 1024h-731.429c-282.77 0-512-229.23-512-512s229.23-512 512-512h731.429c282.77 0 512 229.23 512 512s-229.23 512-512 512zM512 146.286c-201.978 0-365.714 163.736-365.714 365.714s163.736 365.714 365.714 365.714h731.429c201.978 0 365.714-163.736 365.714-365.714s-163.736-365.714-365.714-365.714h-731.429z",
					"M877.714 512c0 161.583-130.989 292.571-292.571 292.571s-292.571-130.989-292.571-292.571c0-161.583 130.989-292.571 292.571-292.571s292.571 130.989 292.571 292.571z"
				],
				"attrs": [
					{
						"fill": "rgb(112, 115, 119)"
					},
					{
						"fill": "rgb(112, 115, 119)"
					}
				],
				"isMulticolor": false,
				"width": 1755,
				"grid": 0,
				"tags": [
					"power-on-off"
				],
				"colorPermutations": {
					"11211511911632181": [
						1,
						1
					]
				}
			},
			"attrs": [
				{
					"fill": "rgb(112, 115, 119)"
				},
				{
					"fill": "rgb(112, 115, 119)"
				}
			],
			"properties": {
				"order": 21,
				"id": 171,
				"prevSize": 32,
				"code": 59649,
				"name": "power-on-off"
			},
			"setIdx": 1,
			"setId": 11,
			"iconIdx": 38
		},
		{
			"icon": {
				"paths": [
					"M960 608c0 88.366-71.634 160-160 160s-160-71.634-160-160c0-88.366 71.634-160 160-160s160 71.634 160 160z",
					"M768 1024c-156.070-0.056-295.922-70.062-389.798-180.394-218.842 42.154-340.442 22.314-371.162-64.726s51.2-186.24 250.88-308.48c21.234-265.172 241.656-472.318 510.46-472.318 130.782 0 250.112 49.035 340.607 129.722 371.973-84.924 408.453 16.196 421.253 50.116s46.080 128-250.24 307.84c0 7.68 0 16 0 23.68 0.004 0.76 0.006 1.66 0.006 2.56 0 282.77-229.23 512-512 512-0.002 0-0.005-0-0.007-0zM523.52 807.68c65.886 54.745 151.356 87.969 244.585 87.969 194.351 0 354.98-144.384 380.474-331.741 194.772-79.245-186.716 119.553-602.036 238.149zM135.040 732.16c18.879 2.492 40.709 3.914 62.871 3.914 37.118 0 73.304-3.99 108.154-11.564 0.612 17.793-24.811-40.7-38.569-103.557 13.226-22.654-69.724 35.226-131.725 110.927zM768 128c-0.077-0-0.168-0-0.26-0-212.077 0-384 171.923-384 384 0 68.881 18.136 133.525 49.893 189.42-64.342 47.18 352.845-83.484 723.306-288.322-58.142-161.5-209.092-285.098-388.91-285.098-0.010 0-0.020 0-0.031 0zM1201.92 240.64c-12.115-27.756 27.461 36.763 51.443 108.428-9.791 21.725 79.468-39.304 146.23-119.687-18.845-3.307-41.502-4.68-64.48-4.68-47.276 0-93.194 5.812-137.080 16.76z"
				],
				"attrs": [
					{
						"fill": "rgb(112, 115, 119)"
					},
					{
						"fill": "rgb(112, 115, 119)"
					}
				],
				"isMulticolor": false,
				"width": 1537,
				"grid": 0,
				"tags": [
					"orbit"
				],
				"colorPermutations": {
					"11211511911632181": [
						1,
						1
					]
				}
			},
			"attrs": [
				{
					"fill": "rgb(112, 115, 119)"
				},
				{
					"fill": "rgb(112, 115, 119)"
				}
			],
			"properties": {
				"order": 20,
				"id": 159,
				"prevSize": 32,
				"code": 59651,
				"name": "orbit"
			},
			"setIdx": 1,
			"setId": 11,
			"iconIdx": 49
		},
		{
			"icon": {
				"paths": [
					"M844.665 1024c-0.308 0.002-0.672 0.003-1.037 0.003-49.265 0-93.89-19.865-126.302-52.022l-717.326-717.326 252.862-252.862 590.011 590.011 590.011-590.011 252.862 252.862-717.338 717.338c-30.992 31.194-74.952 51.287-123.605 52.005z"
				],
				"attrs": [
					{
						"fill": "rgb(112, 115, 119)"
					}
				],
				"isMulticolor": false,
				"width": 1688,
				"grid": 0,
				"tags": [
					"drop-down-arrow"
				],
				"colorPermutations": {
					"11211511911632181": [
						1
					]
				}
			},
			"attrs": [
				{
					"fill": "rgb(112, 115, 119)"
				}
			],
			"properties": {
				"order": 19,
				"id": 125,
				"prevSize": 32,
				"code": 59652,
				"name": "drop-down-arrow"
			},
			"setIdx": 1,
			"setId": 11,
			"iconIdx": 83
		},
		{
			"icon": {
				"paths": [
					"M3892.417 589.418c-27.068 0-49.055-22.103-49.055-49.307 0-27.262 21.987-49.326 49.055-49.326 27.049 0 49.036 22.064 49.036 49.326 0 27.204-21.987 49.307-49.036 49.307zM3892.417 498.050c-23.069 0-41.791 18.857-41.791 42.061 0 23.185 18.722 41.984 41.791 41.984 23.011 0 41.791-18.799 41.791-41.984 0-23.204-18.78-42.061-41.791-42.061zM3899.836 539.378c1.662 0.773 2.898 1.565 3.729 2.28 1.816 1.7 3.516 3.787 5.159 6.221l8.115 12.694h-7.806l-6.144-9.699c-1.835-2.802-3.323-4.888-4.424-6.376-1.179-1.546-2.28-2.608-3.188-3.227-0.889-0.522-1.778-0.947-2.782-1.159-0.676-0.116-1.855-0.193-3.458-0.193h-7.129v20.654h-6.202v-46.582h20.693c4.135 0 7.303 0.367 9.448 1.237 2.164 0.831 3.883 2.338 5.236 4.444 1.237 2.048 1.893 4.444 1.893 6.975 0 3.304-1.043 6.144-3.207 8.424-2.145 2.222-5.448 3.671-9.931 4.309zM3904.203 521.255c-1.584-1.391-4.135-2.145-7.554-2.145h-14.742v15.418h13.254c2.821 0 4.946-0.29 6.608-0.869 1.565-0.56 2.802-1.507 3.613-2.782 0.831-1.314 1.217-2.666 1.217-4.231 0-2.203-0.754-3.98-2.396-5.39zM3576.291 538.354h-203.815c-169.714 0-254.532-44.129-254.532-134.241v-153.117c0-90.093 84.818-134.26 254.532-134.26h203.815c169.656 0 254.474 44.167 254.474 134.26v153.117c0 90.112-84.818 134.241-254.474 134.241zM3716.154 327.564v-82.751c0-33.309-48.321-49.654-143.225-49.654h-197.11c-94.884 0-143.263 16.345-143.263 49.654v165.482c0 33.309 48.379 49.635 143.263 49.635h197.11c94.904 0 143.225-16.326 143.225-49.635v-82.731zM2987.491 195.101c-4.54 0-11.167 0-20.113-0.908h-21.253c-88.161 0-131.71 17.138-131.71 53.19v255.865c0 17.138-8.888 27.918-24.557 32.459-6.704 1.778-23.436 2.647-50.195 2.647-26.798 0-40.206-11.708-40.206-35.106v-255.865c0-55.895 34.603-92.836 104.912-112.64 42.448-12.636 106.090-17.988 190.928-17.988 29.020 0 43.53 14.375 43.53 43.221 0 23.436-17.891 35.125-51.335 35.125zM2226.968 670.121h460.259v353.821h-460.259v-353.821zM2310.144 344.354h-421.772v156.846c0 17.099-7.844 27.918-25.755 32.42-4.463 1.797-22.354 2.724-52.61 2.724-27.918 0-42.467-11.747-42.467-35.144v-466.847c0-22.547 14.549-34.236 42.467-34.236h505.682c68.26 0 126.454 8.115 174.524 22.509 70.521 21.62 105.163 54.079 105.163 96.449v83.813c0 53.171-33.56 91.909-99.56 116.272-51.451 17.099-112.968 25.194-185.672 25.194zM2474.583 126.28c0-30.643-52.61-46.872-157.754-46.872h-428.457v185.653h428.457c105.144 0 157.754-22.528 157.754-65.787v-72.994zM2125.708 1023.942h-460.259v-353.821h460.259v353.821zM1393.432 538.354h-203.834c-169.694 0-254.493-44.129-254.493-134.241v-153.117c0-90.093 84.799-134.26 254.493-134.26h203.834c169.656 0 254.474 44.167 254.474 134.26v153.117c0 90.112-84.818 134.241-254.474 134.241zM1533.314 327.564v-82.751c0-33.309-48.341-49.654-143.244-49.654h-197.11c-94.884 0-143.263 16.345-143.263 49.654v165.502c0 33.29 48.379 49.616 143.263 49.616h197.11c94.904 0 143.244-16.326 143.244-49.616v-82.751zM1035.786 788.615l-94.807-0.116-8.984 38.023 90.363-0.27-8.559 40.477h-92.257l-10.375 51.2 95.155 0.309-9.197 40.632h-148.383l46.621-208.993 149.156 0.193-8.733 38.545zM754.282 958.136l20.615-91.097-77.573-0.077-20.712 91.175h-54.002l46.602-208.258h54.813l-17.543 76.897 77.882 0.077 16.906-76.974h54.407l-47.471 208.258h-53.924zM557.539 540.324h-274.587c-72.028 0-132.482-8.424-181.596-25.040-67.526-22.837-101.376-59.257-101.376-109.375v-267.998c0-48.147 34.391-83.698 103.443-106.766 54.485-17.253 114.591-25.967 180.475-25.967h109.027c29.368 0 44.071 13.196 44.071 39.608 0 26.547-14.703 39.878-44.071 39.878h-33.328c-3.188 0-5.023-0.116-5.371-0.464-8.405-0.27-15.843-0.406-22.335-0.56-6.53-0.155-11.921-0.309-15.824-0.309-130.067 0-195.178 18.123-195.178 54.388v267.728c0 36.323 54.523 54.465 163.531 54.465h273.331c26.025 0 53.963-3.883 83.33-11.844 37.019-10.008 55.624-23.397 55.624-40.496v-56.9h-169.926c-22.393 0-40.786-19.321-40.786-42.892 0-23.591 18.393-42.911 40.786-42.911h204.356c10.298-1.043 25.117-0.927 44.109-0.927 28.286 0 42.409 11.399 42.409 34.352v105.839c0 48.592-29.966 84.722-89.861 108.409-46.505 18.432-103.25 27.783-170.254 27.783zM221.628 814.891c-0.811 26.431-10.105 41.115-27.532 44.438 22.2 7.245 31.087 23.629 31.087 48.592 0 35.473-15.727 50.872-46.177 50.872h-111.558v-194.019h102.381c32.652 2.087 49.906 18.683 51.799 50.118zM104.525 928.246h59.257c16.79 0.29 24.924-8.231 24.769-25.291-0.869-15.418-7.979-24.286-21.349-27.049l-62.677-0.039v52.379zM104.525 797.754v49.152l55.354 0.039c15.65 0.27 23.224-7.651 23.088-23.224-0.792-14.181-7.496-23.475-19.958-26.006l-58.484 0.039zM282.373 822.002h33.869c25.156 0 45.752 20.403 45.752 45.365v25.658h-93.532c0 27.899 5.294 40.825 23.050 40.825 6.511 0 13.428-0.367 20.345-0.367 11.67 0 17.099-5.352 17.099-20.847h33.038v0.831c0 24.885-20.596 45.288-45.752 45.288h-33.869c-25.214 0-45.829-20.403-45.829-45.288v-46.099c0-24.962 20.615-45.365 45.829-45.365zM322.888 875.675l5.68-0.039c0-20.963-7.438-31.010-27.88-30.43-22.586-0.155-32.362 10.24-32.362 30.469h54.562zM463.659 876.1c10.878-1.739 21.214-0.386 27.184 0.754 12.385 2.608 22.142 7.496 27.706 14.027v-29.986c0-12.385-10.994-16.828-25.581-17.138-17.64-0.097-26.411 6.183-26.025 18.548h-35.743c-0.696-10.51 1.275-19.108 6.009-25.774 0.077-0.155 0.193-0.232 0.27-0.348 0.889-1.256 1.932-2.396 3.014-3.478 8.636-8.443 21.253-10.395 28.44-10.704l41.52 0.425c2.145 0.155 4.212 0.406 6.202 0.792 0.889 0.155 1.72 0.348 2.589 0.58 1.217 0.251 2.415 0.56 3.555 0.908 0.811 0.251 1.584 0.522 2.357 0.831 1.198 0.444 2.357 0.908 3.478 1.468 0.638 0.27 1.294 0.541 1.893 0.869 1.256 0.696 2.454 1.449 3.632 2.164 1.372 0.947 2.666 1.932 3.826 2.956 0.27 0.232 0.56 0.464 0.85 0.696 5.854 5.41 9.119 11.747 10.955 16.712 0.116 0.367 1.874 6.318 2.145 13.718v94.865h-33.734v-14.278c-9.506 11.728-22.895 16.925-40.458 16.133-33.753-1.449-51.258-14.51-52.494-39.202-1.082-25.117 11.728-40.245 38.41-45.539zM459.776 926.507c0.116 0.483 0.309 0.831 0.464 1.275 4.193 11.573 18.374 13.235 25.194 13.312 4.695-0.116 9.97-0.792 15.882-2.048 2.763-0.773 6.724-2.048 9.66-4.173 3.864-3.033 6.221-7.245 6.955-12.732 0.019-0.155 0.019-0.27 0.039-0.464 0.077-0.638 0.058-1.352 0.097-2.029 0.077-3.574-0.811-8.057-4.328-11.689-6.762-6.666-17.64-9.235-32.826-7.496-5.564 0.869-12.713 3.111-17.833 8.752-3.941 4.656-5.081 10.433-3.304 17.292zM1170.625 749.838c2.067 0 70.308-4.309 66.966 53.866-2.396 42.332-22.026 53.132-58.040 66.715 18.702 31.3 25.136 48.051 49.828 87.794h-62.232c-6.917-19.804-36.709-76.394-36.883-76.394h-31.879v0.077h-0.193l-16.423 76.781h-52.842l45.925-208.799 95.773-0.039zM1145.199 844.143c34.005 0 50.215-55.064 14.877-55.644h-38.216l-13.293 55.644h36.632zM1281.314 788.731c5.738-6.55 18.529-19.475 36.188-29.213 6.955-3.652 22.567-10.472 43.105-12.597 18.567-1.662 120.504-5.603 101.898 109.124-0.077 0.367-0.116 0.676-0.232 1.024-4.27 18.084-10.8 33.386-18.374 46.505-7.612 12.539-21.079 30.082-41.907 42.564-0.251 0.155-0.502 0.29-0.715 0.444-3.323 1.932-6.82 3.748-10.51 5.429-20.77 9.1-40.728 10.414-41.327 10.453-4.985 0.386-10.047 0.502-15.302 0.502-21.736 0-38.854-3.864-51.277-11.496-3.632-2.222-7.381-4.888-11.032-7.806-13.679-11.786-20.229-26.566-23.359-38.989-3.149-14.935-4.289-33.135 0.425-52.958 5.835-24.363 18.046-45.694 32.42-62.986zM1304.673 897.082c0.135 0.309 0.232 0.58 0.29 0.869 0.213 0.464 0.406 0.947 0.599 1.372 4.598 11.167 15.727 24.827 42.119 23.339 9.1-0.947 29.754-5.796 45.481-30.314 6.337-10.607 12.462-24.363 15.901-38.854 2.859-11.882 2.744-21.639 1.101-30.913-2.859-13.505-10.163-22.045-12.018-24.112-2.589-2.492-5.545-4.888-8.772-6.898-12.037-6.743-24.518-5.41-28.614-4.695-2.956 0.599-5.989 1.333-9.023 2.338-0.599 0.193-1.256 0.425-1.835 0.657-0.174 0.039-0.29 0.077-0.425 0.174-6.183 2.434-11.65 6.26-16.21 10.201-8.424 7.168-15.746 18.722-17.968 22.373-4.85 8.656-9.177 16.867-11.65 27.262-0.367 1.546-0.657 3.091-0.966 4.637l-0.019-0.039c0 0-5.294 22.779 2.009 42.602zM1529.895 903.381l-13.718 54.542h-49.751l13.698-54.542h49.77zM3248.708 1023.865h-460.22v-353.821h460.22v353.821zM3810.246 1023.923h-460.298v-353.821h460.298v353.821z"
				],
				"attrs": [],
				"isMulticolor": false,
				"width": 3941,
				"grid": 0,
				"tags": [
					"GoPro_Be_a_HERO_Logo"
				]
			},
			"attrs": [],
			"properties": {
				"order": 9,
				"id": 1,
				"prevSize": 32,
				"code": 58884,
				"name": "GoPro_Be_a_HERO_Logo"
			},
			"setIdx": 7,
			"setId": 5,
			"iconIdx": 0
		},
		{
			"icon": {
				"paths": [
					"M3073.496 464.823c-21.376 0-38.747-17.379-38.747-38.762 0-21.416 17.371-38.762 38.747-38.762s38.733 17.346 38.733 38.762c0 21.383-17.357 38.762-38.733 38.762zM3073.496 393.019c-18.22 0-33.002 14.815-33.002 33.042s14.782 33.013 33.002 33.013c18.191 0 33.002-14.786 33.002-33.013s-14.811-33.042-33.002-33.042zM3079.362 425.494c1.309 0.596 2.293 1.221 2.933 1.818 1.441 1.313 2.783 2.944 4.063 4.879l6.4 9.995h-6.133l-4.853-7.654c-1.445-2.183-2.619-3.88-3.525-5.007-0.925-1.221-1.774-2.033-2.487-2.501-0.717-0.457-1.43-0.775-2.205-0.962-0.549-0.088-1.459-0.157-2.725-0.157h-5.639v16.282h-4.868v-36.659h16.329c3.273 0 5.76 0.304 7.442 0.991 1.726 0.662 3.050 1.818 4.122 3.478 1.028 1.653 1.507 3.493 1.507 5.526 0 2.593-0.819 4.791-2.531 6.572-1.668 1.785-4.304 2.904-7.83 3.401zM3082.814 411.246c-1.251-1.126-3.244-1.69-5.983-1.69h-11.641v12.123h10.478c2.22 0 3.931-0.208 5.211-0.684 1.251-0.439 2.216-1.192 2.856-2.183 0.658-1.006 0.955-2.099 0.955-3.291 0-1.744-0.596-3.156-1.876-4.275zM2824.027 423.15h-160.944c-134.001 0-200.986-34.688-200.986-105.534v-120.368c0-70.828 66.984-105.531 200.986-105.531h160.944c133.972 0 200.942 34.703 200.942 105.531v120.368c0 70.846-66.97 105.534-200.942 105.534zM2934.477 257.441v-65.050c0-26.189-38.166-39.036-113.101-39.036h-155.641c-74.939 0-113.134 12.848-113.134 39.036v130.099c0 26.174 38.195 39.014 113.134 39.014h155.641c74.935 0 113.101-12.84 113.101-39.014v-65.050zM2359.088 153.296c-3.588 0-8.825 0-15.883-0.706h-16.775c-69.621 0-104.005 13.473-104.005 41.816v201.147c0 13.466-7.025 21.936-19.397 25.501-5.299 1.423-18.501 2.11-39.64 2.11-21.153 0-31.751-9.231-31.751-27.611v-201.147c0-43.933 27.33-72.982 82.853-88.543 33.51-9.958 83.763-14.153 150.762-14.153 22.912 0 34.37 11.301 34.37 33.989 0 18.414-14.124 27.597-40.532 27.597zM1824.216 270.632h-333.052v123.304c0 13.444-6.192 21.936-20.334 25.472-3.518 1.437-17.653 2.154-41.538 2.154-22.053 0-33.529-9.231-33.529-27.626v-366.991c0-17.726 11.476-26.942 33.529-26.942h399.316c53.888 0 99.855 6.378 137.812 17.73 55.673 16.991 83.032 42.492 83.032 75.824v65.869c0 41.801-26.496 72.265-78.61 91.41-40.638 13.436-89.212 19.796-146.626 19.796zM1954.066 99.207c0-24.090-41.534-36.842-124.566-36.842h-338.337v145.938h338.337c83.032 0 124.566-17.712 124.566-51.694v-57.403zM1100.35 423.142h-160.951c-134.001 0-200.982-34.688-200.982-105.534v-120.368c0-70.828 66.981-105.531 200.982-105.531h160.951c133.968 0 200.964 34.703 200.964 105.531v120.368c0 70.846-66.995 105.534-200.964 105.534zM1210.814 257.434v-65.046c0-26.189-38.181-39.040-113.115-39.040h-155.644c-74.935 0-113.137 12.851-113.137 39.040v130.096c0 26.174 38.203 39.014 113.137 39.014h155.644c74.935 0 113.115-12.84 113.115-39.014v-65.050zM0 527.258h649.033v496.739h-649.033v-496.739zM440.272 424.697h-216.832c-56.869 0-104.594-6.619-143.371-19.694-53.332-17.942-80.069-46.574-80.069-85.961v-210.699c0-37.844 27.176-65.792 81.686-83.928 43.026-13.557 90.496-20.411 142.508-20.411h86.093c23.212 0 34.809 10.361 34.809 31.137 0 20.868-11.597 31.349-34.809 31.349h-26.313c-2.498 0-3.964-0.095-4.25-0.366-6.616-0.216-12.489-0.333-17.638-0.461-5.135-0.102-9.392-0.216-12.467-0.216-102.711 0-154.141 14.234-154.141 42.748v210.465c0 28.559 43.063 42.836 129.141 42.836h215.841c20.542 0 42.587-3.068 65.803-9.318 29.235-7.874 43.911-18.399 43.911-31.821v-44.76h-134.177c-17.686 0-32.197-15.163-32.197-33.708 0-18.556 14.512-33.73 32.197-33.73h161.375c8.133-0.812 19.814-0.735 34.831-0.735 22.331 0 33.485 8.953 33.485 27.001v83.2c0 38.195-23.673 66.604-70.971 85.222-36.703 14.497-81.532 21.848-134.444 21.848zM1440.911 1023.996h-649.073v-496.739h649.073v496.739zM2232.664 1023.894h-648.956v-496.742h648.956v496.742zM3024.596 1023.996h-649.117v-496.739h649.117v496.739z"
				],
				"attrs": [],
				"isMulticolor": false,
				"width": 3112,
				"grid": 0,
				"tags": [
					"GoPro_Logo_All_Black_NoHero"
				]
			},
			"attrs": [],
			"properties": {
				"order": 8,
				"id": 0,
				"prevSize": 32,
				"code": 58885,
				"name": "GoPro_Logo_All_Black_NoHero"
			},
			"setIdx": 7,
			"setId": 5,
			"iconIdx": 1
		},
		{
			"icon": {
				"paths": [
					"M930.909 884.364h-837.818c-51.386 0-93.091-41.705-93.091-93.091v-558.545c0-51.386 41.705-93.091 93.091-93.091h837.818c51.386 0 93.091 41.705 93.091 93.091v558.545c0 51.386-41.705 93.091-93.091 93.091zM884.364 791.273l-266.799-233.472-105.565 93.836-105.565-93.836-266.799 233.472h744.727zM93.091 744.727l261.818-232.727-261.818-232.727v465.455zM139.636 232.727l372.364 325.818 372.364-325.818h-744.727zM930.909 279.273l-261.818 232.727 261.818 232.727v-465.455z"
				],
				"attrs": [],
				"isMulticolor": false,
				"tags": [
					"mail",
					"email",
					"envelope",
					"contact"
				],
				"grid": 22
			},
			"attrs": [],
			"properties": {
				"order": 1,
				"id": 0,
				"prevSize": 22,
				"code": 59401,
				"name": "envelop"
			},
			"setIdx": 2,
			"setId": 10,
			"iconIdx": 0
		},
		{
			"icon": {
				"paths": [
					"M786.752 877.248l146.752 146.752 90.496-90.496-146.752-146.752 146.752-146.752h-384v384zM0 384h384v-384l-146.752 146.752-145.248-145.376-90.496 90.496 145.248 145.376zM0 933.504l90.496 90.496 146.752-146.752 146.752 146.752v-384h-384l146.752 146.752zM640 384h384l-146.752-146.752 145.504-145.376-90.496-90.496-145.504 145.376-146.752-146.752z"
				],
				"attrs": [],
				"isMulticolor": false,
				"tags": [
					"fullscreen-exit",
					"collapse",
					"shrink",
					"reduce"
				],
				"grid": 16
			},
			"attrs": [],
			"properties": {
				"order": 1,
				"id": 1,
				"prevSize": 32,
				"code": 59408,
				"name": "fullscreen-exit"
			},
			"setIdx": 3,
			"setId": 9,
			"iconIdx": 0
		},
		{
			"icon": {
				"paths": [
					"M877.248 786.752l-146.752-146.752-90.496 90.496 146.752 146.752-146.752 146.752h384v-384zM384 0h-384v384l146.752-146.752 145.376 145.248 90.496-90.496-145.376-145.248zM384 730.496l-90.496-90.496-146.752 146.752-146.752-146.752v384h384l-146.752-146.752zM1024 0h-384l146.752 146.752-145.376 145.248 90.496 90.496 145.376-145.248 146.752 146.752z"
				],
				"attrs": [],
				"isMulticolor": false,
				"tags": [
					"fullscreen",
					"expand"
				],
				"grid": 16
			},
			"attrs": [],
			"properties": {
				"order": 2,
				"id": 0,
				"prevSize": 32,
				"code": 59409,
				"name": "fullscreen"
			},
			"setIdx": 3,
			"setId": 9,
			"iconIdx": 1
		},
		{
			"icon": {
				"paths": [
					"M704 64l-128 128 192 192 128-128-192-192zM0 768l0.688 192.562 191.312-0.562 512-512-192-192-512 512zM192 896h-128v-128h64v64h64v64z"
				],
				"attrs": [],
				"isMulticolor": false,
				"width": 896,
				"tags": [
					"pencil"
				],
				"grid": 16
			},
			"attrs": [],
			"properties": {
				"order": 1,
				"id": 1,
				"prevSize": 32,
				"code": 59396,
				"name": "pencil"
			},
			"setIdx": 6,
			"setId": 6,
			"iconIdx": 0
		},
		{
			"icon": {
				"paths": [
					"M0 192v128h768v-128h-768zM0 576h768v-128h-768v128zM0 832h768v-128h-768v128z"
				],
				"attrs": [],
				"isMulticolor": false,
				"width": 768,
				"tags": [
					"three-bars"
				],
				"grid": 16
			},
			"attrs": [],
			"properties": {
				"order": 1,
				"id": 0,
				"prevSize": 32,
				"code": 58883,
				"name": "three-bars"
			},
			"setIdx": 6,
			"setId": 6,
			"iconIdx": 1
		},
		{
			"icon": {
				"paths": [
					"M512 0c-176.732 0-320 143.268-320 320 0 320 320 704 320 704s320-384 320-704c0-176.732-143.27-320-320-320zM512 516c-108.248 0-196-87.752-196-196s87.752-196 196-196 196 87.752 196 196-87.752 196-196 196zM388 320c0-68.483 55.517-124 124-124s124 55.517 124 124c0 68.483-55.517 124-124 124s-124-55.517-124-124z"
				],
				"attrs": [],
				"isMulticolor": false,
				"tags": [
					"location",
					"map-marker",
					"pin"
				],
				"grid": 16
			},
			"attrs": [],
			"properties": {
				"order": 1,
				"id": 13,
				"prevSize": 32,
				"code": 59426,
				"name": "location"
			},
			"setIdx": 8,
			"setId": 4,
			"iconIdx": 0
		},
		{
			"icon": {
				"paths": [
					"M512 0c-282.77 0-512 229.23-512 512s229.23 512 512 512 512-229.23 512-512-229.23-512-512-512zM256 256h512c9.138 0 18.004 1.962 26.144 5.662l-282.144 329.168-282.144-329.17c8.14-3.696 17.006-5.66 26.144-5.66zM192 704v-384c0-1.34 0.056-2.672 0.14-4l187.664 218.942-185.598 185.598c-1.444-5.336-2.206-10.886-2.206-16.54zM768 768h-512c-5.654 0-11.202-0.762-16.54-2.208l182.118-182.118 90.422 105.498 90.424-105.494 182.116 182.12c-5.34 1.44-10.886 2.202-16.54 2.202zM832 704c0 5.654-0.762 11.2-2.206 16.54l-185.6-185.598 187.666-218.942c0.084 1.328 0.14 2.66 0.14 4v384z"
				],
				"attrs": [],
				"isMulticolor": false,
				"tags": [
					"mail",
					"contact",
					"support",
					"newsletter",
					"letter",
					"email",
					"envelop",
					"social"
				],
				"grid": 16
			},
			"attrs": [],
			"properties": {
				"order": 1,
				"id": 12,
				"prevSize": 32,
				"code": 59425,
				"name": "mail"
			},
			"setIdx": 8,
			"setId": 4,
			"iconIdx": 1
		},
		{
			"icon": {
				"paths": [
					"M512 0c-282.77 0-512 229.23-512 512s229.23 512 512 512v-384h-128v-128h128v-96c0-88.366 71.632-160 160-160h160v128h-160c-17.674 0-32 14.328-32 32v96h176l-32 128h-144v367.87c220.828-56.838 384-257.3 384-495.87 0-282.77-229.23-512-512-512z"
				],
				"attrs": [],
				"isMulticolor": false,
				"tags": [
					"facebook",
					"brand",
					"social"
				],
				"grid": 16
			},
			"attrs": [],
			"properties": {
				"order": 1,
				"id": 11,
				"prevSize": 32,
				"code": 59422,
				"name": "facebook3"
			},
			"setIdx": 8,
			"setId": 4,
			"iconIdx": 2
		},
		{
			"icon": {
				"paths": [
					"M672 192c-88.366 0-160 71.634-160 160v96h-128v128h128v448h128v-448h144l32-128h-176v-96c0-17.672 14.326-32 32-32h160v-128h-160z"
				],
				"attrs": [],
				"isMulticolor": false,
				"tags": [
					"facebook",
					"brand",
					"social"
				],
				"grid": 16
			},
			"attrs": [],
			"properties": {
				"order": 2,
				"id": 10,
				"prevSize": 32,
				"code": 59423,
				"name": "facebook4"
			},
			"setIdx": 8,
			"setId": 4,
			"iconIdx": 3
		},
		{
			"icon": {
				"paths": [
					"M512 0c-282.77 0-512 229.23-512 512s229.23 512 512 512 512-229.23 512-512-229.23-512-512-512zM766.478 381.48c0.252 5.632 0.38 11.296 0.38 16.988 0 173.51-132.070 373.588-373.584 373.588-74.15 0-143.168-21.738-201.276-58.996 10.272 1.218 20.724 1.84 31.322 1.84 61.518 0 118.134-20.992 163.072-56.21-57.458-1.054-105.948-39.020-122.658-91.184 8.018 1.532 16.244 2.36 24.704 2.36 11.976 0 23.578-1.61 34.592-4.61-60.064-12.066-105.326-65.132-105.326-128.75 0-0.554 0-1.104 0.012-1.652 17.7 9.834 37.948 15.742 59.47 16.424-35.232-23.546-58.414-63.736-58.414-109.292 0-24.064 6.476-46.62 17.78-66.010 64.76 79.44 161.51 131.712 270.634 137.19-2.238-9.612-3.4-19.632-3.4-29.924 0-72.512 58.792-131.298 131.304-131.298 37.766 0 71.892 15.944 95.842 41.462 29.908-5.886 58.008-16.814 83.38-31.862-9.804 30.662-30.624 56.394-57.732 72.644 26.56-3.174 51.866-10.232 75.412-20.674-17.594 26.328-39.854 49.454-65.514 67.966z"
				],
				"attrs": [],
				"isMulticolor": false,
				"tags": [
					"twitter",
					"brand",
					"social"
				],
				"grid": 16
			},
			"attrs": [],
			"properties": {
				"order": 1,
				"id": 9,
				"prevSize": 32,
				"code": 59416,
				"name": "twitter"
			},
			"setIdx": 8,
			"setId": 4,
			"iconIdx": 4
		},
		{
			"icon": {
				"paths": [
					"M1024 194.418c-37.676 16.708-78.164 28.002-120.66 33.080 43.372-26 76.686-67.17 92.372-116.23-40.596 24.078-85.556 41.56-133.41 50.98-38.32-40.83-92.922-66.34-153.346-66.34-116.022 0-210.088 94.058-210.088 210.078 0 16.466 1.858 32.5 5.44 47.878-174.6-8.764-329.402-92.4-433.018-219.506-18.084 31.028-28.446 67.116-28.446 105.618 0 72.888 37.088 137.192 93.46 174.866-34.438-1.092-66.832-10.542-95.154-26.278-0.020 0.876-0.020 1.756-0.020 2.642 0 101.788 72.418 186.696 168.522 206-17.626 4.8-36.188 7.372-55.348 7.372-13.538 0-26.698-1.32-39.528-3.772 26.736 83.46 104.32 144.206 196.252 145.896-71.9 56.35-162.486 89.934-260.916 89.934-16.958 0-33.68-0.994-50.116-2.94 92.972 59.61 203.402 94.394 322.042 94.394 386.422 0 597.736-320.124 597.736-597.744 0-9.108-0.206-18.168-0.61-27.18 41.056-29.62 76.672-66.62 104.836-108.748z"
				],
				"attrs": [],
				"isMulticolor": false,
				"tags": [
					"twitter",
					"brand",
					"tweet",
					"social"
				],
				"grid": 16
			},
			"attrs": [],
			"properties": {
				"order": 2,
				"id": 8,
				"prevSize": 32,
				"code": 59417,
				"name": "twitter3"
			},
			"setIdx": 8,
			"setId": 4,
			"iconIdx": 5
		},
		{
			"icon": {
				"paths": [
					"M437.006 818.162c0 75.068-46.39 134.392-177.758 139.176-76.984-43.786-141.49-106.952-186.908-182.866 23.69-58.496 97.692-103.046 182.316-102.114 24.022 0.252 46.41 4.114 66.744 10.7 55.908 38.866 101 63.152 112.324 107.448 2.114 8.964 3.282 18.206 3.282 27.656zM512 0c-147.94 0-281.196 62.77-374.666 163.098 36.934-20.452 80.538-32.638 126.902-32.638 67.068 0 256.438 0 256.438 0l-57.304 60.14h-67.31c47.496 27.212 72.752 83.248 72.752 145.012 0 56.692-31.416 102.38-75.78 137.058-43.28 33.802-51.492 47.966-51.492 76.734 0 24.542 51.722 61.098 75.5 78.936 82.818 62.112 99.578 101.184 99.578 178.87 0 78.726-68.936 157.104-185.866 183.742 56.348 21.338 117.426 33.048 181.248 33.048 282.77 0 512-229.23 512-512s-229.23-512-512-512zM768 384v128h-64v-128h-128v-64h128v-128h64v128h128v64h-128zM365.768 339.472c11.922 90.776-27.846 149.19-96.934 147.134-69.126-2.082-134.806-65.492-146.74-156.242-11.928-90.788 34.418-160.254 103.53-158.196 69.090 2.074 128.22 76.542 140.144 167.304zM220.886 642.068c-74.68 0-138.128 25.768-182.842 63.864-24.502-59.82-38.044-125.29-38.044-193.932 0-56.766 9.256-111.368 26.312-162.396 7.374 99.442 77.352 176.192 192.97 176.192 8.514 0 16.764-0.442 24.874-1.022-7.95 15.23-13.622 32.19-13.622 49.982 0 29.97 16.488 47.070 36.868 66.894-15.402 0-30.27 0.418-46.516 0.418z"
				],
				"attrs": [],
				"isMulticolor": false,
				"tags": [
					"google-plus",
					"brand",
					"social"
				],
				"grid": 16
			},
			"attrs": [],
			"properties": {
				"order": 1,
				"id": 7,
				"prevSize": 32,
				"code": 59418,
				"name": "google-plus"
			},
			"setIdx": 8,
			"setId": 4,
			"iconIdx": 6
		},
		{
			"icon": {
				"paths": [
					"M559.066 64c0 0-200.956 0-267.94 0-120.12 0-233.17 91.006-233.17 196.422 0 107.726 81.882 194.666 204.088 194.666 8.498 0 16.756-0.17 24.842-0.752-7.93 15.186-13.602 32.288-13.602 50.042 0 29.938 16.104 54.21 36.468 74.024-15.386 0-30.242 0.448-46.452 0.448-148.782-0.002-263.3 94.758-263.3 193.020 0 96.778 125.542 157.314 274.334 157.314 169.624 0 263.306-96.244 263.306-193.028 0-77.6-22.896-124.072-93.686-174.134-24.216-17.144-70.53-58.836-70.53-83.344 0-28.72 8.196-42.868 51.428-76.646 44.312-34.624 75.672-83.302 75.672-139.916 0-67.406-30.020-133.098-86.372-154.772h84.954l59.96-43.344zM465.48 719.458c2.126 8.972 3.284 18.206 3.284 27.628 0 78.2-50.392 139.31-194.974 139.31-102.842 0-177.116-65.104-177.116-143.3 0-76.642 92.126-140.444 194.964-139.332 24 0.254 46.368 4.116 66.67 10.69 55.826 38.826 95.876 60.762 107.172 105.004zM300.818 427.776c-69.038-2.064-134.636-77.226-146.552-167.86-11.916-90.666 34.37-160.042 103.388-157.99 69.010 2.074 134.638 74.814 146.558 165.458 11.906 90.66-34.39 162.458-103.394 160.392zM832 256v-192h-64v192h-192v64h192v192h64v-192h192v-64z"
				],
				"attrs": [],
				"isMulticolor": false,
				"tags": [
					"google-plus",
					"brand",
					"social"
				],
				"grid": 16
			},
			"attrs": [],
			"properties": {
				"order": 2,
				"id": 6,
				"prevSize": 32,
				"code": 59419,
				"name": "google-plus3"
			},
			"setIdx": 8,
			"setId": 4,
			"iconIdx": 7
		},
		{
			"icon": {
				"paths": [
					"M672 192c-88.366 0-160 71.634-160 160v96h-128v128h128v448h128v-448h144l32-128h-176v-96c0-17.672 14.326-32 32-32h160v-128h-160z"
				],
				"attrs": [],
				"isMulticolor": false,
				"tags": [
					"facebook",
					"brand",
					"social"
				],
				"grid": 16
			},
			"attrs": [],
			"properties": {
				"order": 1,
				"id": 5,
				"prevSize": 32,
				"code": 59420,
				"name": "facebook"
			},
			"setIdx": 8,
			"setId": 4,
			"iconIdx": 8
		},
		{
			"icon": {
				"paths": [
					"M864 0c88.364 0 160 71.634 160 160 0 36.020-11.91 69.258-32 96l-64 64-224-224 64-64c26.742-20.090 59.978-32 96-32zM64 736l-64 288 288-64 592-592-224-224-592 592zM715.578 363.578l-448 448-55.156-55.156 448-448 55.156 55.156z"
				],
				"attrs": [],
				"isMulticolor": false,
				"tags": [
					"pencil",
					"write",
					"edit"
				],
				"grid": 16
			},
			"attrs": [],
			"properties": {
				"order": 1,
				"id": 3,
				"prevSize": 32,
				"code": 59397,
				"name": "pencil2"
			},
			"setIdx": 8,
			"setId": 4,
			"iconIdx": 10
		},
		{
			"icon": {
				"paths": [
					"M854 0h-684c-93.5 0-170 76.5-170 170v684c0 93.5 76.5 170 170 170h684c93.5 0 170-76.5 170-170v-684c0-93.5-76.5-170-170-170zM327.8 448h368.4c6.988 20.058 10.8 41.59 10.8 64 0 107.524-87.476 195-195 195s-195-87.476-195-195c0-22.41 3.812-43.942 10.8-64zM896 448.050v383.95c0 35.2-28.8 64-64 64h-640c-35.2 0-64-28.8-64-64v-384h100.108c-4.642 20.602-7.108 42.016-7.108 64 0 160.458 130.542 291 291 291s291-130.542 291-291c0-21.984-2.464-43.398-7.108-64l100.108 0.050zM896 224c0 17.6-14.4 32-32 32h-64c-17.6 0-32-14.4-32-32v-64c0-17.6 14.4-32 32-32h64c17.6 0 32 14.4 32 32v64z"
				],
				"attrs": [],
				"isMulticolor": false,
				"tags": [
					"instagram",
					"brand",
					"social"
				],
				"grid": 16
			},
			"attrs": [],
			"properties": {
				"order": 2,
				"id": 2,
				"prevSize": 32,
				"code": 58882,
				"name": "instagram"
			},
			"setIdx": 8,
			"setId": 4,
			"iconIdx": 11
		},
		{
			"icon": {
				"paths": [
					"M512.006 0.002c-282.774 0-512.006 229.23-512.006 511.996 0 216.906 134.952 402.166 325.414 476.772-4.478-40.508-8.518-102.644 1.774-146.876 9.298-39.954 60.040-254.5 60.040-254.5s-15.32-30.664-15.32-76.008c0-71.19 41.268-124.336 92.644-124.336 43.68 0 64.784 32.794 64.784 72.12 0 43.928-27.964 109.604-42.404 170.464-12.060 50.972 25.556 92.536 75.814 92.536 91.008 0 160.958-95.96 160.958-234.466 0-122.584-88.088-208.298-213.868-208.298-145.678 0-231.186 109.274-231.186 222.19 0 44.008 16.95 91.196 38.102 116.844 4.182 5.070 4.792 9.516 3.548 14.68-3.884 16.18-12.522 50.96-14.216 58.076-2.234 9.368-7.422 11.356-17.124 6.842-63.95-29.77-103.926-123.264-103.926-198.348 0-161.51 117.348-309.834 338.294-309.834 177.61 0 315.634 126.56 315.634 295.704 0 176.458-111.256 318.466-265.676 318.466-51.886 0-100.652-26.958-117.35-58.796 0 0-25.672 97.766-31.894 121.71-11.564 44.468-42.768 100.218-63.642 134.226 47.91 14.832 98.818 22.832 151.604 22.832 282.768-0.002 511.996-229.23 511.996-512 0-282.766-229.228-511.996-511.994-511.996z"
				],
				"attrs": [],
				"isMulticolor": false,
				"tags": [
					"pinterest",
					"brand",
					"social"
				],
				"grid": 16
			},
			"attrs": [],
			"properties": {
				"order": 3,
				"id": 1,
				"prevSize": 32,
				"code": 58881,
				"name": "pinterest"
			},
			"setIdx": 8,
			"setId": 4,
			"iconIdx": 12
		},
		{
			"icon": {
				"paths": [
					"M344.012 169.399c0.209-0.865 0.344-1.479 0.388-1.8l1.042-7.559-47.349-0.267c-42.779-0.242-55.87 0.007-57.047 1.084-0.565 0.516-15.333 56.633-41.655 158.273-12.556 48.484-23.124 87.206-23.487 86.051s-15.391-56.498-33.397-122.98c-18.006-66.482-33.104-121.243-33.55-121.692-0.623-0.623-57.98-0.9-104.417-0.502-6.735 0.056-10.477-13.11 60.021 211.133 9.759 31.041 24.371 74.997 32.469 97.679 9.333 26.141 15.989 46.323 20.534 63.173 8.038 32.067 8.319 52.163 6.565 75.625-2.026 27.101-2.321 218.438-0.342 221.638 1.512 2.449 91.223 3.589 99.712 1.268 1.358-0.372 2.265-1.691 2.87-8.928 2.119-6.219 2.286-30.969 2.286-133.744v-131.281l5.742-18.112c3.756-11.849 13.201-42.995 20.989-69.22 7.789-26.222 17.21-57.619 20.938-69.771 33.834-110.319 66.14-218.831 66.994-225.011l0.693-5.056z",
					"M846.122 328.651l-0.021 6.838-1.065 0.014-0.595 188.993-0.577 183.227-14.666 14.929c-16.424 16.719-29.585 23.101-41.488 20.113-12.963-3.254-12.64 1.8-13.722-214.768l-0.998-199.347h-94.316v6.851h-1.086v216.289c0 231.737-0.007 231.599 11.752 254.875 9.366 18.536 23.010 27.559 46.391 30.671h0.002c30.79 4.1 64.001-9.849 94.77-39.809l13.373-13.022v22.445c0 19.396 0.554 22.601 4.070 23.58 5.756 1.605 77.173 1.707 84.89 0.126l6.396-1.314v-6.628l1.086-0.223v-495.098l-94.195 1.258z",
					"M606.892 426.33c-8.935-38.341-25.68-64.115-53.233-81.939-43.281-27.999-92.718-30.957-138.586-8.291-33.425 16.515-54.951 43.914-66.071 84.083-1.326 4.786-2.298 8.812-3.033 14.815-2.83 14.184-3.163 35.351-3.889 133.951-1.121 151.928 0.616 170.003 19.643 204.51 18.664 33.848 57.403 58.661 99.572 63.782 12.696 1.54 38.43-0.858 53.23-4.961 33.632-9.326 65.864-35.906 80.118-66.078 6.158-13.033 9.875-22.096 12.115-38.651 4.175-22.617 4.47-59.175 4.47-152.375-0.002-118.875-0.379-131.862-4.337-148.847zM499.34 736.003c-7.907 6.028-21.734 8.649-32.983 6.249-8.656-1.847-20.338-15.419-23.934-27.801-4.479-15.436-4.823-229.985-0.954-272.059 6.379-21.054 24.19-32.050 43.635-26.813 15.157 4.082 22.915 13.575 27.336 33.457 3.282 14.754 3.67 33.129 2.972 141.26-0.46 71.701-0.716 106.742-3.058 125.553-2.382 11.87-6.319 15.047-13.015 20.154z",
					"M2300.389 534.137h45.57l-0.726-41.281c-0.705-37.869-1.263-42.2-6.324-52.472-7.982-16.21-19.759-23.401-38.446-23.401-22.448 0-36.678 10.849-43.388 33.141-2.858 9.486-5.863 74.685-3.707 80.308 1.205 3.144 7.724 3.705 47.021 3.705z",
					"M1995.795 440.237c-6.077-12.247-17.385-18.278-30.525-17.806-10.221 0.365-21.561 4.677-32.488 13.010l-8.14 6.177v296.598l8.14 6.177c18.429 14.052 38.674 17.031 52.619 7.703 5.519-3.691 9.117-8.779 11.919-16.861 3.647-10.524 3.965-24.003 3.489-148.772-0.495-130.043-0.781-137.702-5.014-146.226z",
					"M2560.878 306.633c-9.080-108.842-16.303-144.165-38.751-189.544-29.729-60.101-72.692-91.788-133.876-98.747-47.309-5.379-225.315-12.97-390.044-16.631-285.188-6.338-754.057 5.858-813.939 21.173-27.673 7.077-48.426 19.11-70.022 40.604-37.844 37.662-60.391 91.679-69.452 166.396-20.692 170.606-21.134 376.727-1.188 553.515 8.577 76.041 26.243 125.443 59.41 166.159 20.694 25.406 56.352 46.998 88.26 53.442 22.385 4.523 134.42 10.798 297.605 16.668 24.306 0.874 88.667 2.379 143.030 3.344 113.301 2.012 321.627 0.821 440.719-2.519 80.127-2.249 226.201-8.172 253.5-10.282 7.677-0.593 25.469-1.728 39.537-2.523 47.277-2.67 77.353-12.568 105.596-34.76 36.553-28.718 64.857-81.795 76.815-144.037 11.314-58.894 18.887-163.773 20.422-282.851 1.284-99.491-0.426-153.175-7.621-239.409zM1425.273 267.192l-52.982 0.654-2.326 565.143-45.932 0.581c-35.525 0.488-46.307-0.044-47.167-2.326-0.616-1.626-1.356-129.020-1.672-283.153l-0.581-280.246-103.493-1.307v-88.304l305.829 1.235 1.307 87.069-52.982 0.654zM1750.216 591.117v243.035h-83.725v-25.583c0-19.247-0.735-25.583-2.979-25.583-1.64 0-9.226 6.344-16.861 14.098-16.557 16.817-36.171 30.367-52.91 36.63-34.662 12.968-67.589 5.4-81.618-18.75-12.838-22.11-13.082-27.052-13.082-256.335v-210.547h83.653l0.654 198.265c0.623 194.821 0.714 198.393 5.377 206.333 6.182 10.521 15.608 13.347 30.597 9.231 8.817-2.423 14.836-6.707 29.143-20.931l18.024-17.952v-374.946h83.725v243.035zM2076.757 799.41c-7.372 16.424-23.806 32.509-37.283 36.485-35.167 10.382-63.375 1.923-95.935-28.708-10.103-9.505-19.51-17.224-20.931-17.224-1.712 0-2.616 7.449-2.616 22.094v22.094h-83.725v-655.845h83.725v106.982c0 58.84 0.786 106.982 1.744 106.982s9.789-7.807 19.624-17.298c22.629-21.841 41.548-31.399 65.557-33.213 42.811-3.24 68.327 18.794 80.018 69.117 3.647 15.696 3.998 33.625 3.998 179.078-0.002 177.178-0.021 177.918-14.175 209.457zM2430.99 702.168c-0.744 18.226-2.954 39.137-4.942 46.514-11.642 43.167-42.635 73.731-87.432 86.269-60.315 16.878-126.704-10.777-153.205-63.812-14.875-29.769-15.408-35.706-15.408-181.185 0-118.617 0.419-133.171 4.214-149.354 10.747-45.788 37.392-75.422 82.49-91.865 13.068-4.765 26.708-7.207 40.337-7.486 48.672-0.998 96.984 25.18 117.229 67.808 13.659 28.76 15.35 41.060 16.717 122.099l1.235 72.678-178.497 1.235-0.654 48.84c-0.93 68.901 3.716 90.088 22.313 102.621 15.645 10.54 39.679 9.745 52.765-1.744 12.263-10.768 15.726-22.336 16.933-56.107l1.091-29.653h86.195l-1.381 33.143z"
				],
				"attrs": [],
				"isMulticolor": false,
				"width": 2569,
				"tags": [
					"youtube",
					"brand",
					"social"
				],
				"grid": 16
			},
			"attrs": [],
			"properties": {
				"order": 4,
				"id": 0,
				"prevSize": 32,
				"code": 58880,
				"name": "youtube"
			},
			"setIdx": 8,
			"setId": 4,
			"iconIdx": 13
		},
		{
			"icon": {
				"paths": [
					"M0.806 869.664c-0.244-2.532-0.452-5.070-0.584-7.63 0.13 2.56 0.34 5.098 0.584 7.63zM235.908 565.148c92.010 2.738 153.734-92.698 137.862-213.198-15.894-120.48-103.396-217.168-195.408-219.922-92.026-2.73-153.74 89.482-137.852 210 15.882 120.468 103.352 220.374 195.398 223.12zM1024 256v-85.31c0-93.88-76.782-170.69-170.658-170.69h-682.656c-92.276 0-168.012 74.232-170.564 165.926 58.362-51.386 139.324-94.316 222.874-94.316 89.304 0 357.244 0 357.244 0l-79.948 67.618h-113.268c75.13 28.804 115.156 116.124 115.156 205.722 0 75.248-41.81 139.954-100.888 185.968-57.644 44.902-68.572 63.708-68.572 101.878 0 32.578 61.746 88 94.032 110.788 94.382 66.538 124.916 128.312 124.916 231.456 0 16.428-2.042 32.83-6.066 48.96h307.742c93.874 0 170.656-76.75 170.656-170.69v-533.308h-192v191.998h-64v-192h-191.998v-64h191.998v-192h64v192h192zM185.886 765.936c21.614 0 41.422-0.59 61.936-0.59-27.146-26.334-48.626-58.6-48.626-98.38 0-23.608 7.564-46.336 18.134-66.52-10.782 0.77-21.79 0.994-33.126 0.994-74.356 0-137.506-24.076-184.204-63.854v67.242l0.006 201.73c53.44-25.374 116.888-40.622 185.88-40.622zM3.42 887.258c-1.112-5.458-1.966-11.006-2.542-16.634 0.574 5.628 1.43 11.176 2.542 16.634zM455.45 952.846c-15.058-58.806-68.454-87.964-142.888-139.568-27.072-8.732-56.894-13.874-88.894-14.208-89.618-0.964-173.108 34.942-220.216 88.372 15.92 77.706 85.034 136.558 167.234 136.558h286.444c1.816-11.128 2.696-22.632 2.696-34.432 0-12.534-1.534-24.792-4.376-36.722z"
				],
				"attrs": [],
				"isMulticolor": false,
				"tags": [
					"google-plus",
					"brand",
					"social"
				],
				"defaultCode": 58517,
				"grid": 16
			},
			"attrs": [],
			"properties": {
				"id": 1294,
				"order": 7,
				"prevSize": 32,
				"code": 60041,
				"ligatures": "google-plus2, brand3",
				"name": "google-plus2"
			},
			"setIdx": 9,
			"setId": 3,
			"iconIdx": 0
		},
		{
			"icon": {
				"paths": [
					"M853.35 0h-682.702c-94.25 0-170.648 76.42-170.648 170.686v682.63c0 94.266 76.398 170.684 170.648 170.684h341.352v-448h-128v-128h128v-96c0-88.366 71.634-160 160-160h160v128h-160c-17.674 0-32 14.328-32 32v96h176l-32 128h-144v448h213.35c94.25 0 170.65-76.418 170.65-170.684v-682.63c0-94.266-76.4-170.686-170.65-170.686z"
				],
				"attrs": [],
				"isMulticolor": false,
				"tags": [
					"facebook",
					"brand",
					"social"
				],
				"defaultCode": 58521,
				"grid": 16
			},
			"attrs": [],
			"properties": {
				"id": 1298,
				"order": 5,
				"prevSize": 32,
				"code": 60045,
				"ligatures": "facebook2, brand7",
				"name": "facebook2"
			},
			"setIdx": 9,
			"setId": 3,
			"iconIdx": 1
		},
		{
			"icon": {
				"paths": [
					"M853.342 0h-682.656c-93.874 0-170.686 76.81-170.686 170.69v682.624c0 93.936 76.812 170.686 170.686 170.686h682.656c93.876 0 170.658-76.75 170.658-170.69v-682.62c0-93.88-76.782-170.69-170.658-170.69zM766.478 381.48c0.252 5.632 0.38 11.296 0.38 16.988 0 173.51-132.070 373.588-373.584 373.588-74.15 0-143.168-21.738-201.276-58.996 10.272 1.218 20.724 1.84 31.322 1.84 61.518 0 118.134-20.992 163.072-56.21-57.458-1.054-105.948-39.020-122.658-91.184 8.018 1.532 16.244 2.36 24.704 2.36 11.976 0 23.578-1.61 34.592-4.61-60.064-12.066-105.326-65.132-105.326-128.75 0-0.554 0-1.104 0.012-1.652 17.7 9.834 37.948 15.742 59.47 16.424-35.232-23.546-58.414-63.736-58.414-109.292 0-24.064 6.476-46.62 17.78-66.010 64.76 79.44 161.51 131.712 270.634 137.19-2.238-9.612-3.4-19.632-3.4-29.924 0-72.512 58.792-131.298 131.304-131.298 37.766 0 71.892 15.944 95.842 41.462 29.908-5.886 58.008-16.814 83.38-31.862-9.804 30.662-30.624 56.394-57.732 72.644 26.56-3.174 51.866-10.232 75.412-20.674-17.594 26.328-39.854 49.454-65.514 67.966z"
				],
				"attrs": [],
				"isMulticolor": false,
				"tags": [
					"twitter",
					"brand",
					"tweet",
					"social"
				],
				"defaultCode": 58526,
				"grid": 16
			},
			"attrs": [],
			"properties": {
				"id": 1303,
				"order": 6,
				"prevSize": 32,
				"code": 60050,
				"ligatures": "twitter2, brand12",
				"name": "twitter2"
			},
			"setIdx": 9,
			"setId": 3,
			"iconIdx": 2
		},
		{
			"icon": {
				"paths": [
					"M512 20.48c-271.462 0-491.52 220.058-491.52 491.52s220.058 491.52 491.52 491.52 491.52-220.058 491.52-491.52-220.058-491.52-491.52-491.52zM628.429 360.141h-73.882c-8.755 0-18.483 11.52-18.483 26.829v53.35h92.416l-13.978 76.083h-78.438v228.403h-87.194v-228.403h-79.104v-76.083h79.104v-44.749c0-64.205 44.544-116.378 105.677-116.378h73.882v80.947z"
				],
				"attrs": [],
				"isMulticolor": false,
				"tags": [
					"facebook-with-circle"
				],
				"grid": 20
			},
			"attrs": [],
			"properties": {
				"order": 1,
				"id": 2,
				"prevSize": 20,
				"code": 59424,
				"name": "facebook-with-circle2"
			},
			"setIdx": 5,
			"setId": 7,
			"iconIdx": 0
		},
		{
			"icon": {
				"paths": [
					"M512 20.48c-271.462 0-491.52 220.058-491.52 491.52s220.058 491.52 491.52 491.52 491.52-220.058 491.52-491.52-220.058-491.52-491.52-491.52zM628.429 360.141h-73.882c-8.755 0-18.483 11.52-18.483 26.829v53.35h92.416l-13.978 76.083h-78.438v228.403h-87.194v-228.403h-79.104v-76.083h79.104v-44.749c0-64.205 44.544-116.378 105.677-116.378h73.882v80.947z"
				],
				"attrs": [],
				"isMulticolor": false,
				"tags": [
					"facebook-with-circle"
				],
				"grid": 20
			},
			"attrs": [],
			"properties": {
				"order": 1,
				"id": 1,
				"prevSize": 20,
				"code": 59421,
				"name": "facebook-with-circle"
			},
			"setIdx": 5,
			"setId": 7,
			"iconIdx": 1
		},
		{
			"icon": {
				"paths": [
					"M512 51.2l-256 358.4h512l-256-358.4zM512 972.8l256-358.4h-512l256 358.4z"
				],
				"attrs": [],
				"isMulticolor": false,
				"tags": [
					"select-arrows"
				],
				"grid": 20
			},
			"attrs": [],
			"properties": {
				"order": 1,
				"id": 0,
				"prevSize": 20,
				"code": 59392,
				"name": "select-arrows"
			},
			"setIdx": 5,
			"setId": 7,
			"iconIdx": 2
		}
	],
	"height": 1024,
	"metadata": {
		"name": "icomoon"
	},
	"preferences": {
		"showGlyphs": true,
		"showQuickUse": true,
		"showQuickUse2": true,
		"showSVGs": true,
		"fontPref": {
			"prefix": "icon-",
			"metadata": {
				"fontFamily": "icomoon"
			},
			"metrics": {
				"emSize": 1024,
				"baseline": 6.25,
				"whitespace": 50
			},
			"embed": false
		},
		"imagePref": {
			"prefix": "icon-",
			"png": true,
			"useClassSelector": true,
			"color": 42464,
			"bgColor": 16777215,
			"classSelector": ".icon",
			"columns": 16,
			"margin": 16,
			"height": 32
		},
		"historySize": 100,
		"showCodes": true,
		"gridSize": 16
	}
}